observations,initial_mean_error_px,initial_median_error_px,final_mean_error_px,final_median_error_px
2666,0.8968364758431997,0.46049895073997993,0.6483822539370598,0.3977553944265037
