image_i,image_j,keypoints_i,keypoints_j,raw_matches,filtered_matches,ransac_inliers,inlier_ratio,mean_epipolar_error_all,median_epipolar_error_all,mean_epipolar_error_inliers,median_epipolar_error_inliers,max_epipolar_error_inliers,fundamental_matrix
similar2.jpg,similar3.jpg,2541,1554,2541,330,255,0.7727272727272727,5.80433451646703,0.22703336349068157,0.24070537125177274,0.16061470177261244,0.9743584570262461,"[[2.0494783069025503e-06, -6.842795182613235e-06, 0.039985672605635084], [7.725155153243544e-06, -2.002617453731028e-07, -0.008946874359340438], [-0.04172587611283466, 0.008667243609760454, 1.0]]"
similar6.jpg,similar7.jpg,679,845,679,153,98,0.6405228758169934,15.557533939913387,0.6045769229017113,0.36037861465159465,0.3047737236792073,0.9883756924088863,"[[-4.808536903317318e-06, 9.521334223684832e-05, -0.19178766374152748], [-8.809243725261772e-05, 2.1682523199960824e-06, 0.02802161746573734], [0.19591488388466907, -0.035969585787730754, 1.0]]"
similar8.jpg,similar9.jpg,565,705,565,93,57,0.6129032258064516,18.6824175979102,0.6902479151264876,0.34472228566485236,0.2729473185093469,0.9597310081154153,"[[-4.7097180107609306e-07, -1.6124802279012305e-06, -0.0019435225940142749], [1.6589558780642353e-06, 5.933720727763017e-07, 0.003055631094224143], [0.0028071246627783025, -0.004592606283072098, 1.0]]"
